[
  {
    "metadataOutputVersion" : "3.0",
    "shortDescription" : "comparing human faces",
    "outputSchema" : [
      {
        "hasShapeFlexibility" : "0",
        "isOptional" : "0",
        "dataType" : "Double",
        "formattedType" : "MultiArray (Double 2048)",
        "shortDescription" : "",
        "shape" : "[2048]",
        "name" : "output1",
        "type" : "MultiArray"
      }
    ],
    "storagePrecision" : "Int5",
    "modelParameters" : [

    ],
    "author" : "Pavel Zhuravlev",
    "specificationVersion" : 3,
    "license" : "Copyright © 2019 Care.com. All rights reserved.",
    "computePrecision" : "Float16",
    "isUpdatable" : "0",
    "availability" : {
      "macOS" : "10.14",
      "tvOS" : "12.0",
      "watchOS" : "5.0",
      "iOS" : "12.0",
      "macCatalyst" : "12.0"
    },
    "modelType" : {
      "name" : "MLModelType_neuralNetwork"
    },
    "inputSchema" : [
      {
        "height" : "224",
        "colorspace" : "RGB",
        "isOptional" : "0",
        "width" : "224",
        "isColor" : "1",
        "formattedType" : "Image (Color 224 × 224)",
        "hasSizeFlexibility" : "0",
        "type" : "Image",
        "shortDescription" : "",
        "name" : "image"
      }
    ],
    "userDefinedMetadata" : {

    },
    "generatedClassName" : "FaceId_resnet50_quantized",
    "neuralNetworkLayerTypeHistogram" : {
      "PoolingAverage" : 2,
      "PoolingMax" : 1,
      "Convolution" : 53,
      "ActivationReLU" : 49,
      "Add" : 16
    },
    "method" : "predict"
  }
]